{
  "version": "1.0",
  "name": "spark_cluster_expand_shrink_policy_1",
  "policies": [
    {
      "role_id": "worker",
      "constraints": {
        "min_node_count": 1,
        "max_node_count": 2
      },
      "rules": [
        {
          "name": "scale-out-1",
          "description": "higher cpu or memory usage",
          "evaluation_period": 180,
          "action_interval": 300,
          "if_any": [
            {
              "metric_field": "cpu",
              "greater_than": 100,
              "unit": "percent"
            },
            {
              "metric_field": "rss_pct",
              "greater_than": 50,
              "unit": "percent"
            }
          ],
          "then": {
            "action": "expand",
            "step": 1
          }
        },
        {
          "name": "scale-in-1",
          "description": "both low cpu and memory usage",
          "evaluation_period": 180,
          "action_interval": 300,
          "if_all": [
            {
              "metric_field": "cpu",
              "less_than": 50,
              "unit": "percent"
            },
            {
              "metric_field": "rss_pct",
              "less_than": 20,
              "unit": "percent"
            }
          ],
          "then": {
            "action": "shrink",
            "step": 1
          }
        }
      ]
    }
  ]
}
